5/24/2021,18:40:44,2696,3351.2297,N,7757.8398,W,607
5/24/2021,18:40:46,2698,3351.2312,N,7757.8389,W,600
5/24/2021,18:40:48,2700,3351.2322,N,7757.8384,W,601
5/24/2021,18:40:50,2702,3351.2356,N,7757.8374,W,597
5/24/2021,18:40:52,2704,3351.2375,N,7757.8350,W,596
5/24/2021,18:40:54,2706,3351.2388,N,7757.8325,W,597
5/24/2021,18:40:56,2708,3351.2368,N,7757.8325,W,596
5/24/2021,18:40:58,2710,3351.2356,N,7757.8291,W,595
5/24/2021,18:41:00,2712,3351.2346,N,7757.8267,W,595
5/24/2021,18:41:02,2714,3351.2344,N,7757.8252,W,600
5/24/2021,18:41:04,2716,3351.2290,N,7757.8271,W,620
5/24/2021,18:41:06,2718,3351.2307,N,7757.8296,W,605
5/24/2021,18:41:08,2720,3351.2319,N,7757.8306,W,639
5/24/2021,18:41:10,2722,3351.2329,N,7757.8311,W,588
5/24/2021,18:41:12,2724,3351.2361,N,7757.8218,W,587
5/24/2021,18:41:14,2726,3351.2427,N,7757.8125,W,622
5/24/2021,18:41:16,2728,3351.2495,N,7757.8052,W,791
5/24/2021,18:41:18,2730,3351.2549,N,7757.7969,W,835
5/24/2021,18:41:20,2732,3351.2561,N,7757.7930,W,791
5/24/2021,18:41:22,2734,3351.2556,N,7757.7954,W,675
5/24/2021,18:41:24,2736,3351.2556,N,7757.7944,W,657
5/24/2021,18:41:26,2738,3351.2549,N,7757.7930,W,670
5/24/2021,18:41:28,2740,3351.2527,N,7757.7910,W,670
5/24/2021,18:41:30,2742,3351.2507,N,7757.7891,W,658
5/24/2021,18:41:32,2744,3351.2495,N,7757.7881,W,607
5/24/2021,18:41:34,2746,3351.2483,N,7757.7871,W,638
5/24/2021,18:41:36,2748,3351.2466,N,7757.7861,W,672
5/24/2021,18:41:38,2750,3351.2446,N,7757.7842,W,695
5/24/2021,18:41:40,2752,3351.2429,N,7757.7837,W,629
5/24/2021,18:41:42,2754,3351.2417,N,7757.7827,W,619
5/24/2021,18:41:44,2756,3351.2405,N,7757.7817,W,628
5/24/2021,18:41:46,2758,3351.2390,N,7757.7808,W,436
5/24/2021,18:41:48,2760,3351.2375,N,7757.7793,W,411
5/24/2021,18:41:50,2762,3351.2363,N,7757.7778,W,440
5/24/2021,18:41:52,2764,3351.2354,N,7757.7764,W,507
5/24/2021,18:41:54,2766,3351.2336,N,7757.7754,W,417
5/24/2021,18:41:56,2768,3351.2322,N,7757.7749,W,450
5/24/2021,18:41:58,2770,3351.2307,N,7757.7739,W,424
5/24/2021,18:42:00,2772,3351.2297,N,7757.7734,W,497
5/24/2021,18:42:02,2774,3351.2290,N,7757.7720,W,499
5/24/2021,18:42:04,2776,3351.2278,N,7757.7715,W,541
5/24/2021,18:42:06,2778,3351.2271,N,7757.7729,W,554
5/24/2021,18:42:08,2780,3351.2258,N,7757.7759,W,585
5/24/2021,18:42:10,2782,3351.2249,N,7757.7783,W,595
5/24/2021,18:42:12,2784,3351.2212,N,7757.7812,W,589
5/24/2021,18:42:14,2786,3351.2192,N,7757.7837,W,594
5/24/2021,18:42:16,2788,3351.2126,N,7757.7896,W,602
5/24/2021,18:42:18,2790,3351.2141,N,7757.7891,W,605
5/24/2021,18:42:20,2792,3351.2144,N,7757.7891,W,483
5/24/2021,18:42:22,2794,3351.2151,N,7757.7886,W,567
5/24/2021,18:42:24,2796,3351.2170,N,7757.7871,W,582
5/24/2021,18:42:26,2798,3351.2178,N,7757.7900,W,588
5/24/2021,18:42:28,2800,3351.2214,N,7757.7915,W,607
5/24/2021,18:42:30,2802,3351.2246,N,7757.7920,W,615
5/24/2021,18:42:32,2804,3351.2271,N,7757.7930,W,546
5/24/2021,18:42:34,2806,3351.2295,N,7757.7935,W,534
5/24/2021,18:42:36,2808,3351.2312,N,7757.7939,W,541
5/24/2021,18:42:38,2810,3351.2329,N,7757.7944,W,553
5/24/2021,18:42:40,2812,3351.2351,N,7757.7954,W,524
5/24/2021,18:42:42,2814,3351.2371,N,7757.7974,W,596
5/24/2021,18:42:44,2816,3351.2395,N,7757.7998,W,583
5/24/2021,18:42:46,2818,3351.2412,N,7757.8018,W,569
5/24/2021,18:42:48,2820,3351.2427,N,7757.8032,W,559
5/24/2021,18:42:50,2822,3351.2444,N,7757.8052,W,572
5/24/2021,18:42:52,2824,3351.2461,N,7757.8062,W,576
5/24/2021,18:42:54,2826,3351.2478,N,7757.8076,W,617
5/24/2021,18:42:56,2828,3351.2495,N,7757.8086,W,624
5/24/2021,18:42:58,2830,3351.2505,N,7757.8096,W,617
5/24/2021,18:43:00,2832,3351.2520,N,7757.8101,W,616
5/24/2021,18:43:02,2834,3351.2537,N,7757.8101,W,616
5/24/2021,18:43:04,2836,3351.2544,N,7757.8105,W,620
5/24/2021,18:43:06,2838,3351.2549,N,7757.8115,W,625
5/24/2021,18:43:08,2840,3351.2537,N,7757.8135,W,670
5/24/2021,18:43:10,2842,3351.2520,N,7757.8164,W,668
5/24/2021,18:43:12,2844,3351.2515,N,7757.8184,W,664
5/24/2021,18:43:14,2846,3351.2512,N,7757.8203,W,663
5/24/2021,18:43:16,2848,3351.2500,N,7757.8228,W,633
5/24/2021,18:43:18,2850,3351.2488,N,7757.8257,W,606
5/24/2021,18:43:20,2852,3351.2476,N,7757.8281,W,582
5/24/2021,18:43:22,2854,3351.2471,N,7757.8296,W,562
5/24/2021,18:43:24,2856,3351.2476,N,7757.8301,W,553
5/24/2021,18:43:26,2858,3351.2471,N,7757.8296,W,562
5/24/2021,18:43:28,2860,3351.2456,N,7757.8281,W,576
5/24/2021,18:43:30,2862,3351.2439,N,7757.8271,W,574
5/24/2021,18:43:32,2864,3351.2424,N,7757.8262,W,585
5/24/2021,18:43:34,2866,3351.2405,N,7757.8252,W,593
5/24/2021,18:43:36,2868,3351.2390,N,7757.8242,W,600
5/24/2021,18:43:38,2870,3351.2375,N,7757.8232,W,606
5/24/2021,18:43:40,2872,3351.2361,N,7757.8223,W,606
5/24/2021,18:43:42,2874,3351.2346,N,7757.8218,W,605
5/24/2021,18:43:44,2876,3351.2334,N,7757.8213,W,602
5/24/2021,18:43:46,2878,3351.2319,N,7757.8203,W,601
5/24/2021,18:43:48,2880,3351.2310,N,7757.8193,W,603
5/24/2021,18:43:50,2882,3351.2295,N,7757.8188,W,610
5/24/2021,18:43:52,2884,3351.2285,N,7757.8179,W,614
5/24/2021,18:43:54,2886,3351.2273,N,7757.8169,W,606
5/24/2021,18:43:56,2888,3351.2263,N,7757.8159,W,603
5/24/2021,18:43:58,2890,3351.2249,N,7757.8149,W,612
5/24/2021,18:44:00,2892,3351.2234,N,7757.8140,W,608
5/24/2021,18:44:02,2894,3351.2222,N,7757.8130,W,613
5/24/2021,18:44:04,2896,3351.2207,N,7757.8115,W,603
5/24/2021,18:44:06,2898,3351.2202,N,7757.8115,W,604
5/24/2021,18:44:08,2900,3351.2192,N,7757.8125,W,607
5/24/2021,18:44:10,2902,3351.2190,N,7757.8154,W,608
5/24/2021,18:44:12,2904,3351.2180,N,7757.8184,W,609
5/24/2021,18:44:14,2906,3351.2168,N,7757.8208,W,610
5/24/2021,18:44:16,2908,3351.2146,N,7757.8184,W,609
5/24/2021,18:44:18,2910,3351.2168,N,7757.8120,W,611
5/24/2021,18:44:20,2912,3351.2153,N,7757.8062,W,595
5/24/2021,18:44:22,2914,3351.2151,N,7757.8071,W,656
5/24/2021,18:44:24,2916,3351.2136,N,7757.8071,W,655
5/24/2021,18:44:26,2918,3351.2158,N,7757.8091,W,653
5/24/2021,18:44:28,2920,3351.2188,N,7757.8125,W,567
5/24/2021,18:44:30,2922,3351.2202,N,7757.8149,W,574
5/24/2021,18:44:32,2924,3351.2224,N,7757.8179,W,579
5/24/2021,18:44:34,2926,3351.2241,N,7757.8203,W,580
5/24/2021,18:44:36,2928,3351.2258,N,7757.8228,W,582
5/24/2021,18:44:38,2930,3351.2278,N,7757.8247,W,581
5/24/2021,18:44:40,2932,3351.2295,N,7757.8257,W,586
5/24/2021,18:44:42,2934,3351.2317,N,7757.8267,W,584
5/24/2021,18:44:44,2936,3351.2334,N,7757.8276,W,548
5/24/2021,18:44:46,2938,3351.2349,N,7757.8291,W,586
5/24/2021,18:44:48,2940,3351.2361,N,7757.8306,W,597
5/24/2021,18:44:50,2942,3351.2378,N,7757.8311,W,588
5/24/2021,18:44:52,2944,3351.2400,N,7757.8315,W,589
5/24/2021,18:44:54,2946,3351.2395,N,7757.8325,W,582
5/24/2021,18:44:56,2948,3351.2407,N,7757.8335,W,580
5/24/2021,18:44:58,2950,3351.2422,N,7757.8345,W,585
5/24/2021,18:45:00,2952,3351.2434,N,7757.8359,W,592
5/24/2021,18:45:02,2954,3351.2437,N,7757.8364,W,596
5/24/2021,18:45:04,2956,3351.2441,N,7757.8364,W,610
5/24/2021,18:45:06,2958,3351.2434,N,7757.8379,W,649
5/24/2021,18:45:08,2960,3351.2424,N,7757.8403,W,639
5/24/2021,18:45:10,2962,3351.2422,N,7757.8423,W,649
5/24/2021,18:45:12,2964,3351.2417,N,7757.8447,W,645
5/24/2021,18:45:14,2966,3351.2410,N,7757.8467,W,639
5/24/2021,18:45:16,2968,3351.2395,N,7757.8491,W,627
5/24/2021,18:45:18,2970,3351.2383,N,7757.8511,W,624
5/24/2021,18:45:20,2972,3351.2383,N,7757.8535,W,623
5/24/2021,18:45:22,2974,3351.2385,N,7757.8555,W,614
5/24/2021,18:45:24,2976,3351.2385,N,7757.8560,W,608
5/24/2021,18:45:26,2978,3351.2373,N,7757.8560,W,613
5/24/2021,18:45:28,2980,3351.2366,N,7757.8560,W,609
5/24/2021,18:45:30,2982,3351.2361,N,7757.8560,W,610
5/24/2021,18:45:32,2984,3351.2346,N,7757.8555,W,604
5/24/2021,18:45:34,2986,3351.2332,N,7757.8545,W,601
5/24/2021,18:45:36,2988,3351.2317,N,7757.8535,W,608
5/24/2021,18:45:38,2990,3351.2305,N,7757.8525,W,609
5/24/2021,18:45:40,2992,3351.2290,N,7757.8525,W,616
5/24/2021,18:45:42,2994,3351.2273,N,7757.8516,W,618
5/24/2021,18:45:44,2996,3351.2258,N,7757.8501,W,616
5/24/2021,18:45:46,2998,3351.2239,N,7757.8486,W,615
5/24/2021,18:45:48,3000,3351.2222,N,7757.8481,W,617
5/24/2021,18:45:50,3002,3351.2202,N,7757.8481,W,616
5/24/2021,18:45:52,3004,3351.2183,N,7757.8467,W,613
5/24/2021,18:45:54,3006,3351.2163,N,7757.8467,W,612
5/24/2021,18:45:56,3008,3351.2158,N,7757.8462,W,614
5/24/2021,18:45:58,3010,3351.2151,N,7757.8452,W,613
5/24/2021,18:46:00,3012,3351.2144,N,7757.8442,W,611
5/24/2021,18:46:02,3014,3351.2134,N,7757.8428,W,610
5/24/2021,18:46:04,3016,3351.2131,N,7757.8428,W,610
5/24/2021,18:46:06,3018,3351.2126,N,7757.8442,W,611
5/24/2021,18:46:08,3020,3351.2124,N,7757.8467,W,612
5/24/2021,18:46:10,3022,3351.2119,N,7757.8486,W,612
5/24/2021,18:46:12,3024,3351.2126,N,7757.8506,W,612
5/24/2021,18:46:14,3026,3351.2117,N,7757.8516,W,611
5/24/2021,18:46:16,3028,3351.2134,N,7757.8506,W,609
5/24/2021,18:46:18,3030,3351.2131,N,7757.8477,W,606
5/24/2021,18:46:20,3032,3351.2109,N,7757.8496,W,608
5/24/2021,18:46:22,3034,3351.2090,N,7757.8491,W,608
5/24/2021,18:46:24,3036,3351.2085,N,7757.8472,W,607
5/24/2021,18:46:26,3038,3351.2090,N,7757.8472,W,606
5/24/2021,18:46:28,3040,3351.2102,N,7757.8477,W,607
5/24/2021,18:46:30,3042,3351.2109,N,7757.8481,W,610
5/24/2021,18:46:32,3044,3351.2122,N,7757.8486,W,614
5/24/2021,18:46:34,3046,3351.2136,N,7757.8491,W,614
5/24/2021,18:46:36,3048,3351.2153,N,7757.8501,W,614
5/24/2021,18:46:38,3050,3351.2168,N,7757.8501,W,605
5/24/2021,18:46:40,3052,3351.2185,N,7757.8506,W,605
5/24/2021,18:46:42,3054,3351.2200,N,7757.8516,W,606
5/24/2021,18:46:44,3056,3351.2209,N,7757.8530,W,606
5/24/2021,18:46:46,3058,3351.2229,N,7757.8540,W,614
5/24/2021,18:46:48,3060,3351.2231,N,7757.8564,W,617
5/24/2021,18:46:50,3062,3351.2246,N,7757.8569,W,617
5/24/2021,18:46:52,3064,3351.2263,N,7757.8569,W,616
5/24/2021,18:46:54,3066,3351.2283,N,7757.8560,W,617
5/24/2021,18:46:56,3068,3351.2297,N,7757.8564,W,617
5/24/2021,18:46:58,3070,3351.2312,N,7757.8579,W,621
5/24/2021,18:47:00,3072,3351.2324,N,7757.8584,W,622
5/24/2021,18:47:02,3074,3351.2346,N,7757.8589,W,621
5/24/2021,18:47:04,3076,3351.2354,N,7757.8594,W,621
5/24/2021,18:47:06,3078,3351.2349,N,7757.8599,W,619
5/24/2021,18:47:08,3080,3351.2346,N,7757.8628,W,617
5/24/2021,18:47:10,3082,3351.2339,N,7757.8662,W,615
5/24/2021,18:47:12,3084,3351.2336,N,7757.8682,W,613
5/24/2021,18:47:14,3086,3351.2319,N,7757.8706,W,611
5/24/2021,18:47:16,3088,3351.2295,N,7757.8745,W,611
5/24/2021,18:47:18,3090,3351.2283,N,7757.8774,W,610
5/24/2021,18:47:20,3092,3351.2275,N,7757.8794,W,609
5/24/2021,18:47:22,3094,3351.2273,N,7757.8799,W,609
5/24/2021,18:47:24,3096,3351.2273,N,7757.8799,W,610
5/24/2021,18:47:26,3098,3351.2258,N,7757.8794,W,610
5/24/2021,18:47:28,3100,3351.2251,N,7757.8789,W,610
5/24/2021,18:47:30,3102,3351.2241,N,7757.8784,W,610
5/24/2021,18:47:32,3104,3351.2229,N,7757.8779,W,608
5/24/2021,18:47:34,3106,3351.2212,N,7757.8765,W,607
5/24/2021,18:47:36,3108,3351.2195,N,7757.8760,W,605
5/24/2021,18:47:38,3110,3351.2178,N,7757.8750,W,606
5/24/2021,18:47:40,3112,3351.2161,N,7757.8740,W,606
5/24/2021,18:47:42,3114,3351.2141,N,7757.8730,W,605
5/24/2021,18:47:44,3116,3351.2122,N,7757.8721,W,603
5/24/2021,18:47:46,3118,3351.2107,N,7757.8706,W,610
5/24/2021,18:47:48,3120,3351.2090,N,7757.8696,W,612
5/24/2021,18:47:50,3122,3351.2073,N,7757.8687,W,593
5/24/2021,18:47:52,3124,3351.2058,N,7757.8672,W,580
5/24/2021,18:47:54,3126,3351.2041,N,7757.8657,W,571
5/24/2021,18:47:56,3128,3351.2029,N,7757.8643,W,579
5/24/2021,18:47:58,3130,3351.2017,N,7757.8628,W,582
5/24/2021,18:48:00,3132,3351.2007,N,7757.8618,W,585
5/24/2021,18:48:02,3134,3351.1995,N,7757.8608,W,588
5/24/2021,18:48:04,3136,3351.1995,N,7757.8599,W,589
5/24/2021,18:48:06,3138,3351.1992,N,7757.8613,W,619
5/24/2021,18:48:08,3140,3351.1985,N,7757.8638,W,620
5/24/2021,18:48:10,3142,3351.1973,N,7757.8662,W,613
5/24/2021,18:48:12,3144,3351.1958,N,7757.8691,W,614
5/24/2021,18:48:14,3146,3351.2002,N,7757.8706,W,616
5/24/2021,18:48:16,3148,3351.1951,N,7757.8726,W,586
5/24/2021,18:48:18,3150,3351.1941,N,7757.8740,W,594
5/24/2021,18:48:20,3152,3351.1929,N,7757.8750,W,604
5/24/2021,18:48:22,3154,3351.1919,N,7757.8735,W,612
5/24/2021,18:48:24,3156,3351.1917,N,7757.8730,W,613
5/24/2021,18:48:26,3158,3351.1919,N,7757.8730,W,610
5/24/2021,18:48:28,3160,3351.1929,N,7757.8735,W,611
5/24/2021,18:48:30,3162,3351.1941,N,7757.8740,W,612
5/24/2021,18:48:32,3164,3351.1956,N,7757.8745,W,608
5/24/2021,18:48:34,3166,3351.1968,N,7757.8750,W,605
5/24/2021,18:48:36,3168,3351.1990,N,7757.8765,W,600
5/24/2021,18:48:38,3170,3351.2007,N,7757.8774,W,603
5/24/2021,18:48:40,3172,3351.2017,N,7757.8779,W,605
5/24/2021,18:48:42,3174,3351.2031,N,7757.8784,W,599
5/24/2021,18:48:44,3176,3351.2046,N,7757.8789,W,601
5/24/2021,18:48:46,3178,3351.2061,N,7757.8789,W,602
5/24/2021,18:48:48,3180,3351.2078,N,7757.8794,W,602
5/24/2021,18:48:50,3182,3351.2083,N,7757.8804,W,602
5/24/2021,18:48:52,3184,3351.2097,N,7757.8813,W,602
5/24/2021,18:48:54,3186,3351.2114,N,7757.8823,W,605
5/24/2021,18:48:56,3188,3351.2129,N,7757.8833,W,604
5/24/2021,18:48:58,3190,3351.2146,N,7757.8843,W,605
5/24/2021,18:49:00,3192,3351.2158,N,7757.8853,W,585
5/24/2021,18:49:02,3194,3351.2173,N,7757.8867,W,582
5/24/2021,18:49:04,3196,3351.2185,N,7757.8877,W,574
5/24/2021,18:49:06,3198,3351.2195,N,7757.8882,W,576
5/24/2021,18:49:08,3200,3351.2195,N,7757.8892,W,578
5/24/2021,18:49:10,3202,3351.2180,N,7757.8921,W,581
5/24/2021,18:49:12,3204,3351.2173,N,7757.8955,W,584
5/24/2021,18:49:14,3206,3351.2170,N,7757.8979,W,585
5/24/2021,18:49:16,3208,3351.2170,N,7757.8999,W,585
5/24/2021,18:49:18,3210,3351.2166,N,7757.9023,W,586
5/24/2021,18:49:20,3212,3351.2173,N,7757.9053,W,587
5/24/2021,18:49:22,3214,3351.2175,N,7757.9082,W,587
5/24/2021,18:49:24,3216,3351.2183,N,7757.9092,W,581
5/24/2021,18:49:26,3218,3351.2190,N,7757.9102,W,586
5/24/2021,18:49:28,3220,3351.2195,N,7757.9102,W,587
5/24/2021,18:49:30,3222,3351.2180,N,7757.9092,W,591
5/24/2021,18:49:32,3224,3351.2163,N,7757.9087,W,591
5/24/2021,18:49:34,3226,3351.2146,N,7757.9082,W,591
5/24/2021,18:49:36,3228,3351.2126,N,7757.9077,W,591
5/24/2021,18:49:38,3230,3351.2107,N,7757.9067,W,591
5/24/2021,18:49:40,3232,3351.2090,N,7757.9053,W,591
5/24/2021,18:49:42,3234,3351.2070,N,7757.9048,W,592
5/24/2021,18:49:44,3236,3351.2051,N,7757.9038,W,594
5/24/2021,18:49:46,3239,3351.2034,N,7757.9028,W,593
5/24/2021,18:49:48,3241,3351.2019,N,7757.9014,W,593
5/24/2021,18:49:50,3243,3351.2002,N,7757.9004,W,593
5/24/2021,18:49:52,3245,3351.1987,N,7757.8994,W,593
5/24/2021,18:49:54,3247,3351.1970,N,7757.8979,W,607
5/24/2021,18:49:56,3248,3351.1956,N,7757.8970,W,606
5/24/2021,18:49:58,3250,3351.1938,N,7757.8955,W,606
5/24/2021,18:50:00,3252,3351.1924,N,7757.8950,W,607
5/24/2021,18:50:02,3254,3351.1909,N,7757.8950,W,610
5/24/2021,18:50:04,3256,3351.1895,N,7757.8945,W,611
5/24/2021,18:50:06,3258,3351.1880,N,7757.8936,W,610
5/24/2021,18:50:08,3260,3351.1875,N,7757.8936,W,608
5/24/2021,18:50:10,3262,3351.1868,N,7757.8955,W,607
5/24/2021,18:50:12,3264,3351.1860,N,7757.8979,W,608
5/24/2021,18:50:14,3266,3351.1855,N,7757.9004,W,608
5/24/2021,18:50:16,3268,3351.1841,N,7757.9019,W,606
5/24/2021,18:50:18,3270,3351.1902,N,7757.9014,W,607
5/24/2021,18:50:20,3272,3351.1914,N,7757.8970,W,605
5/24/2021,18:50:22,3274,3351.1890,N,7757.8960,W,605
5/24/2021,18:50:24,3276,3351.1870,N,7757.8936,W,606
5/24/2021,18:50:26,3278,3351.1863,N,7757.8896,W,606
5/24/2021,18:50:28,3280,3351.1858,N,7757.8901,W,606
5/24/2021,18:50:30,3282,3351.1858,N,7757.8911,W,606
5/24/2021,18:50:32,3284,3351.1870,N,7757.8921,W,604
5/24/2021,18:50:34,3286,3351.1880,N,7757.8945,W,604
5/24/2021,18:50:36,3288,3351.1890,N,7757.8960,W,596
5/24/2021,18:50:38,3290,3351.1904,N,7757.8975,W,597
5/24/2021,18:50:40,3292,3351.1914,N,7757.8994,W,597
5/24/2021,18:50:42,3294,3351.1929,N,7757.9028,W,596
5/24/2021,18:50:44,3296,3351.1941,N,7757.9038,W,596
5/24/2021,18:50:46,3298,3351.1951,N,7757.9048,W,595
5/24/2021,18:50:48,3300,3351.1965,N,7757.9067,W,596
5/24/2021,18:50:50,3302,3351.1978,N,7757.9077,W,596
5/24/2021,18:50:52,3304,3351.1985,N,7757.9082,W,596
5/24/2021,18:50:54,3306,3351.2000,N,7757.9082,W,595
5/24/2021,18:50:56,3308,3351.2019,N,7757.9097,W,596
5/24/2021,18:50:58,3310,3351.2036,N,7757.9116,W,596
5/24/2021,18:51:00,3312,3351.2053,N,7757.9126,W,596
5/24/2021,18:51:02,3314,3351.2075,N,7757.9141,W,595
5/24/2021,18:51:04,3316,3351.2090,N,7757.9150,W,595
5/24/2021,18:51:06,3318,3351.2104,N,7757.9155,W,596
5/24/2021,18:51:08,3320,3351.2117,N,7757.9160,W,594
5/24/2021,18:51:10,3322,3351.2119,N,7757.9165,W,595
5/24/2021,18:51:12,3324,3351.2107,N,7757.9165,W,596
5/24/2021,18:51:14,3326,3351.2114,N,7757.9141,W,595
5/24/2021,18:51:16,3328,3351.2117,N,7757.9121,W,595
5/24/2021,18:51:18,3330,3351.2122,N,7757.9106,W,596
5/24/2021,18:51:20,3332,3351.2134,N,7757.9082,W,596
5/24/2021,18:51:22,3334,3351.2146,N,7757.9058,W,596
5/24/2021,18:51:24,3336,3351.2151,N,7757.9043,W,598
5/24/2021,18:51:26,3338,3351.2158,N,7757.9023,W,598
5/24/2021,18:51:28,3340,3351.2163,N,7757.8994,W,600
5/24/2021,18:51:30,3342,3351.2180,N,7757.8975,W,600
5/24/2021,18:51:32,3344,3351.2197,N,7757.8960,W,600
5/24/2021,18:51:34,3346,3351.2205,N,7757.8945,W,600
5/24/2021,18:51:36,3348,3351.2209,N,7757.8926,W,601
5/24/2021,18:51:38,3350,3351.2209,N,7757.8916,W,600
5/24/2021,18:51:40,3352,3351.2209,N,7757.8901,W,600
5/24/2021,18:51:42,3354,3351.2212,N,7757.8892,W,601
5/24/2021,18:51:44,3356,3351.2214,N,7757.8882,W,601
5/24/2021,18:51:46,3358,3351.2222,N,7757.8872,W,602
5/24/2021,18:51:48,3360,3351.2229,N,7757.8862,W,603
5/24/2021,18:51:50,3362,3351.2234,N,7757.8857,W,604
5/24/2021,18:51:52,3364,3351.2241,N,7757.8838,W,604
5/24/2021,18:51:54,3366,3351.2251,N,7757.8818,W,604
5/24/2021,18:51:56,3368,3351.2268,N,7757.8794,W,604
5/24/2021,18:51:58,3370,3351.2280,N,7757.8774,W,603
5/24/2021,18:52:00,3372,3351.2302,N,7757.8755,W,604
5/24/2021,18:52:02,3374,3351.2295,N,7757.8735,W,603
5/24/2021,18:52:04,3376,3351.2290,N,7757.8706,W,603
5/24/2021,18:52:06,3378,3351.2297,N,7757.8687,W,604
5/24/2021,18:52:08,3380,3351.2300,N,7757.8662,W,604
5/24/2021,18:52:10,3382,3351.2305,N,7757.8643,W,604
5/24/2021,18:52:12,3384,3351.2312,N,7757.8628,W,604
5/24/2021,18:52:14,3386,3351.2322,N,7757.8613,W,604
5/24/2021,18:52:16,3388,3351.2334,N,7757.8589,W,604
5/24/2021,18:52:18,3390,3351.2344,N,7757.8574,W,605
5/24/2021,18:52:20,3392,3351.2341,N,7757.8550,W,605
5/24/2021,18:52:22,3394,3351.2346,N,7757.8525,W,604
5/24/2021,18:52:24,3396,3351.2358,N,7757.8530,W,604
5/24/2021,18:52:26,3398,3351.2363,N,7757.8516,W,604
5/24/2021,18:52:28,3400,3351.2356,N,7757.8496,W,604
5/24/2021,18:52:30,3402,3351.2354,N,7757.8477,W,606
5/24/2021,18:52:32,3404,3351.2373,N,7757.8462,W,605
5/24/2021,18:52:34,3406,3351.2383,N,7757.8442,W,605
5/24/2021,18:52:36,3408,3351.2397,N,7757.8428,W,605
5/24/2021,18:52:38,3410,3351.2410,N,7757.8413,W,605
5/24/2021,18:52:40,3412,3351.2422,N,7757.8394,W,605
5/24/2021,18:52:42,3414,3351.2437,N,7757.8374,W,605
5/24/2021,18:52:44,3416,3351.2451,N,7757.8354,W,605
5/24/2021,18:52:46,3418,3351.2463,N,7757.8335,W,605
5/24/2021,18:52:48,3420,3351.2488,N,7757.8315,W,605
5/24/2021,18:52:50,3422,3351.2502,N,7757.8301,W,605
5/24/2021,18:52:52,3424,3351.2498,N,7757.8286,W,605
5/24/2021,18:52:54,3426,3351.2498,N,7757.8271,W,605
5/24/2021,18:52:56,3428,3351.2500,N,7757.8262,W,604
5/24/2021,18:52:58,3430,3351.2502,N,7757.8242,W,604
5/24/2021,18:53:00,3432,3351.2502,N,7757.8223,W,604
5/24/2021,18:53:02,3434,3351.2505,N,7757.8198,W,605
5/24/2021,18:53:04,3436,3351.2512,N,7757.8179,W,605
5/24/2021,18:53:06,3438,3351.2520,N,7757.8164,W,605
5/24/2021,18:53:08,3440,3351.2529,N,7757.8154,W,604
5/24/2021,18:53:10,3442,3351.2537,N,7757.8135,W,605
5/24/2021,18:53:12,3444,3351.2544,N,7757.8120,W,605
5/24/2021,18:53:14,3446,3351.2561,N,7757.8101,W,605
5/24/2021,18:53:16,3448,3351.2598,N,7757.8076,W,605
5/24/2021,18:53:18,3450,3351.2593,N,7757.8071,W,604
5/24/2021,18:53:20,3452,3351.2600,N,7757.8066,W,604
5/24/2021,18:53:22,3454,3351.2605,N,7757.8057,W,604
5/24/2021,18:53:24,3456,3351.2607,N,7757.8057,W,604
5/24/2021,18:53:26,3458,3351.2612,N,7757.8047,W,603
5/24/2021,18:53:28,3460,3351.2612,N,7757.8047,W,603
5/24/2021,18:53:30,3462,3351.2600,N,7757.8042,W,603
5/24/2021,18:53:32,3464,3351.2583,N,7757.8042,W,603
5/24/2021,18:53:34,3466,3351.2571,N,7757.8037,W,599
5/24/2021,18:53:36,3468,3351.2561,N,7757.8032,W,599
5/24/2021,18:53:38,3470,3351.2556,N,7757.8027,W,600
5/24/2021,18:53:40,3472,3351.2549,N,7757.8022,W,600
5/24/2021,18:53:42,3474,3351.2556,N,7757.8013,W,600
5/24/2021,18:53:44,3476,3351.2556,N,7757.8008,W,600
5/24/2021,18:53:46,3478,3351.2571,N,7757.7988,W,601
5/24/2021,18:53:48,3480,3351.2578,N,7757.7979,W,599
5/24/2021,18:53:50,3482,3351.2571,N,7757.7998,W,600
5/24/2021,18:53:52,3484,3351.2566,N,7757.8022,W,600
5/24/2021,18:53:54,3486,3351.2556,N,7757.8032,W,599
5/24/2021,18:53:56,3488,3351.2539,N,7757.8057,W,600
5/24/2021,18:53:58,3490,3351.2527,N,7757.8076,W,600
5/24/2021,18:54:00,3492,3351.2515,N,7757.8096,W,601
5/24/2021,18:54:02,3494,3351.2500,N,7757.8115,W,601
5/24/2021,18:54:04,3496,3351.2488,N,7757.8135,W,601
5/24/2021,18:54:06,3498,3351.2476,N,7757.8154,W,602
5/24/2021,18:54:08,3500,3351.2466,N,7757.8174,W,602
5/24/2021,18:54:10,3502,3351.2456,N,7757.8193,W,602
5/24/2021,18:54:12,3504,3351.2454,N,7757.8213,W,603
5/24/2021,18:54:14,3506,3351.2444,N,7757.8232,W,603
5/24/2021,18:54:16,3508,3351.2432,N,7757.8242,W,603
5/24/2021,18:54:18,3510,3351.2422,N,7757.8257,W,604
5/24/2021,18:54:20,3512,3351.2415,N,7757.8276,W,604
5/24/2021,18:54:22,3514,3351.2356,N,7757.8306,W,604
5/24/2021,18:54:24,3516,3351.2366,N,7757.8320,W,603
5/24/2021,18:54:26,3518,3351.2361,N,7757.8335,W,603
5/24/2021,18:54:28,3520,3351.2375,N,7757.8350,W,604
5/24/2021,18:54:30,3522,3351.2373,N,7757.8369,W,605
5/24/2021,18:54:32,3524,3351.2361,N,7757.8389,W,604
5/24/2021,18:54:34,3526,3351.2354,N,7757.8408,W,603
5/24/2021,18:54:36,3528,3351.2346,N,7757.8433,W,602
5/24/2021,18:54:38,3530,3351.2336,N,7757.8452,W,601
5/24/2021,18:54:40,3532,3351.2327,N,7757.8462,W,602
5/24/2021,18:54:42,3534,3351.2327,N,7757.8481,W,602
5/24/2021,18:54:44,3536,3351.2295,N,7757.8501,W,600
5/24/2021,18:54:46,3539,3351.2292,N,7757.8516,W,600
5/24/2021,18:54:48,3541,3351.2278,N,7757.8535,W,600
5/24/2021,18:54:50,3543,3351.2263,N,7757.8545,W,600
5/24/2021,18:54:52,3545,3351.2253,N,7757.8564,W,600
5/24/2021,18:54:54,3547,3351.2244,N,7757.8579,W,601
5/24/2021,18:54:56,3549,3351.2239,N,7757.8599,W,601
5/24/2021,18:54:58,3551,3351.2229,N,7757.8618,W,602
5/24/2021,18:55:00,3553,3351.2222,N,7757.8628,W,600
5/24/2021,18:55:02,3555,3351.2217,N,7757.8647,W,599
5/24/2021,18:55:04,3557,3351.2212,N,7757.8662,W,599
5/24/2021,18:55:06,3559,3351.2217,N,7757.8682,W,599
5/24/2021,18:55:08,3561,3351.2212,N,7757.8701,W,599
5/24/2021,18:55:10,3563,3351.2209,N,7757.8721,W,600
5/24/2021,18:55:12,3565,3351.2205,N,7757.8740,W,599
5/24/2021,18:55:14,3567,3351.2197,N,7757.8760,W,599
5/24/2021,18:55:16,3569,3351.2185,N,7757.8779,W,600
5/24/2021,18:55:18,3571,3351.2175,N,7757.8789,W,599
5/24/2021,18:55:21,3573,3351.2158,N,7757.8818,W,599
5/24/2021,18:55:23,3575,3351.2146,N,7757.8828,W,599
5/24/2021,18:55:25,3577,3351.2144,N,7757.8843,W,598
5/24/2021,18:55:27,3579,3351.2139,N,7757.8862,W,599
5/24/2021,18:55:29,3581,3351.2129,N,7757.8877,W,599
5/24/2021,18:55:31,3583,3351.2109,N,7757.8896,W,599
5/24/2021,18:55:33,3585,3351.2100,N,7757.8911,W,599
5/24/2021,18:55:35,3587,3351.2102,N,7757.8926,W,600
5/24/2021,18:55:37,3589,3351.2097,N,7757.8940,W,599
5/24/2021,18:55:39,3591,3351.2090,N,7757.8960,W,599
5/24/2021,18:55:40,3593,3351.2085,N,7757.8970,W,600
5/24/2021,18:55:42,3595,3351.2075,N,7757.8984,W,600
5/24/2021,18:55:44,3597,3351.2068,N,7757.9004,W,600
5/24/2021,18:55:46,3599,3351.2061,N,7757.9023,W,600
5/24/2021,18:55:48,3601,3351.2051,N,7757.9038,W,601
5/24/2021,18:55:50,3603,3351.2046,N,7757.9048,W,600
5/24/2021,18:55:52,3605,3351.2041,N,7757.9072,W,601
5/24/2021,18:55:54,3607,3351.2039,N,7757.9092,W,601
5/24/2021,18:55:56,3609,3351.2036,N,7757.9106,W,601
5/24/2021,18:55:58,3611,3351.2031,N,7757.9116,W,602
5/24/2021,18:56:00,3613,3351.2029,N,7757.9131,W,601
5/24/2021,18:56:02,3615,3351.2021,N,7757.9136,W,601
5/24/2021,18:56:04,3617,3351.2007,N,7757.9126,W,602
5/24/2021,18:56:06,3619,3351.1992,N,7757.9111,W,598
5/24/2021,18:56:08,3621,3351.1975,N,7757.9116,W,599
5/24/2021,18:56:10,3623,3351.1973,N,7757.9082,W,599
5/24/2021,18:56:12,3625,3351.1956,N,7757.9058,W,599
5/24/2021,18:56:14,3627,3351.1946,N,7757.9053,W,599
5/24/2021,18:56:16,3629,3351.1936,N,7757.9048,W,598
5/24/2021,18:56:18,3631,3351.1936,N,7757.9048,W,599
5/24/2021,18:56:20,3633,3351.1936,N,7757.9048,W,599
5/24/2021,18:56:22,3635,3351.1936,N,7757.9048,W,599
5/24/2021,18:56:24,3637,3351.1936,N,7757.9043,W,599
5/24/2021,18:56:26,3639,3351.1938,N,7757.9033,W,599
5/24/2021,18:56:28,3641,3351.1936,N,7757.9019,W,599
5/24/2021,18:56:30,3643,3351.1938,N,7757.8999,W,599
5/24/2021,18:56:32,3645,3351.1948,N,7757.8984,W,599
5/24/2021,18:56:34,3647,3351.1951,N,7757.8965,W,599
5/24/2021,18:56:36,3649,3351.1956,N,7757.8950,W,599
5/24/2021,18:56:38,3651,3351.1963,N,7757.8921,W,598
5/24/2021,18:56:40,3653,3351.1975,N,7757.8896,W,599
5/24/2021,18:56:42,3655,3351.1985,N,7757.8877,W,598
5/24/2021,18:56:44,3657,3351.1992,N,7757.8857,W,598
5/24/2021,18:56:46,3659,3351.2002,N,7757.8838,W,598
5/24/2021,18:56:48,3661,3351.2014,N,7757.8813,W,598
5/24/2021,18:56:50,3663,3351.2024,N,7757.8794,W,598
5/24/2021,18:56:52,3665,3351.2029,N,7757.8774,W,598
5/24/2021,18:56:54,3667,3351.2046,N,7757.8755,W,599
5/24/2021,18:56:56,3669,3351.2056,N,7757.8745,W,599
5/24/2021,18:56:58,3671,3351.2053,N,7757.8726,W,599
5/24/2021,18:57:00,3673,3351.2061,N,7757.8701,W,599
5/24/2021,18:57:02,3675,3351.2078,N,7757.8667,W,600
5/24/2021,18:57:04,3677,3351.2083,N,7757.8647,W,600
5/24/2021,18:57:06,3679,3351.2090,N,7757.8628,W,600
5/24/2021,18:57:08,3681,3351.2095,N,7757.8608,W,601
5/24/2021,18:57:10,3683,3351.2090,N,7757.8584,W,602
5/24/2021,18:57:12,3685,3351.2107,N,7757.8564,W,602
5/24/2021,18:57:14,3687,3351.2124,N,7757.8550,W,602
5/24/2021,18:57:16,3689,3351.2136,N,7757.8535,W,602
5/24/2021,18:57:18,3691,3351.2136,N,7757.8516,W,601
5/24/2021,18:57:20,3693,3351.2146,N,7757.8491,W,601
5/24/2021,18:57:22,3695,3351.2141,N,7757.8477,W,602
5/24/2021,18:57:24,3697,3351.2146,N,7757.8452,W,602
5/24/2021,18:57:26,3699,3351.2161,N,7757.8433,W,602
5/24/2021,18:57:28,3701,3351.2168,N,7757.8418,W,602
5/24/2021,18:57:30,3703,3351.2166,N,7757.8398,W,601
5/24/2021,18:57:32,3705,3351.2163,N,7757.8384,W,601
5/24/2021,18:57:34,3707,3351.2163,N,7757.8374,W,601
5/24/2021,18:57:36,3709,3351.2173,N,7757.8354,W,601
5/24/2021,18:57:38,3711,3351.2183,N,7757.8335,W,600
5/24/2021,18:57:40,3713,3351.2192,N,7757.8320,W,600
5/24/2021,18:57:42,3715,3351.2207,N,7757.8306,W,600
5/24/2021,18:57:44,3717,3351.2222,N,7757.8276,W,600
5/24/2021,18:57:46,3719,3351.2234,N,7757.8247,W,600
5/24/2021,18:57:48,3721,3351.2246,N,7757.8228,W,600
5/24/2021,18:57:50,3723,3351.2268,N,7757.8198,W,600
5/24/2021,18:57:52,3725,3351.2285,N,7757.8179,W,601
5/24/2021,18:57:54,3727,3351.2300,N,7757.8164,W,601
5/24/2021,18:57:56,3729,3351.2305,N,7757.8149,W,601
5/24/2021,18:57:58,3731,3351.2317,N,7757.8135,W,602
5/24/2021,18:58:00,3733,3351.2329,N,7757.8120,W,602
5/24/2021,18:58:02,3735,3351.2332,N,7757.8101,W,603
5/24/2021,18:58:04,3737,3351.2344,N,7757.8086,W,603
5/24/2021,18:58:06,3739,3351.2346,N,7757.8076,W,603
5/24/2021,18:58:08,3741,3351.2349,N,7757.8066,W,603
5/24/2021,18:58:10,3743,3351.2356,N,7757.8052,W,603
5/24/2021,18:58:12,3745,3351.2373,N,7757.8027,W,603
5/24/2021,18:58:14,3747,3351.2393,N,7757.8003,W,602
5/24/2021,18:58:16,3749,3351.2400,N,7757.7988,W,601
5/24/2021,18:58:18,3751,3351.2402,N,7757.7964,W,602
5/24/2021,18:58:20,3753,3351.2405,N,7757.7954,W,602
5/24/2021,18:58:22,3755,3351.2397,N,7757.7935,W,602
5/24/2021,18:58:24,3757,3351.2405,N,7757.7925,W,601
5/24/2021,18:58:26,3759,3351.2419,N,7757.7920,W,601
5/24/2021,18:58:28,3761,3351.2427,N,7757.7915,W,602
5/24/2021,18:58:30,3763,3351.2429,N,7757.7910,W,602
5/24/2021,18:58:32,3765,3351.2432,N,7757.7900,W,602
5/24/2021,18:58:34,3767,3351.2439,N,7757.7891,W,602
5/24/2021,18:58:36,3769,3351.2439,N,7757.7886,W,602
5/24/2021,18:58:38,3771,3351.2429,N,7757.7881,W,603
5/24/2021,18:58:40,3773,3351.2412,N,7757.7881,W,601
5/24/2021,18:58:42,3775,3351.2395,N,7757.7876,W,601
5/24/2021,18:58:44,3777,3351.2380,N,7757.7881,W,601
5/24/2021,18:58:46,3779,3351.2375,N,7757.7891,W,601
5/24/2021,18:58:48,3781,3351.2378,N,7757.7891,W,601
5/24/2021,18:58:50,3783,3351.2375,N,7757.7896,W,601
5/24/2021,18:58:52,3785,3351.2378,N,7757.7896,W,602
5/24/2021,18:58:54,3787,3351.2378,N,7757.7896,W,601
5/24/2021,18:58:56,3789,3351.2378,N,7757.7900,W,601
5/24/2021,18:58:58,3791,3351.2368,N,7757.7969,W,601
5/24/2021,18:59:00,3793,3351.2356,N,7757.8066,W,601
5/24/2021,18:59:02,3795,3351.2351,N,7757.8145,W,601
5/24/2021,18:59:04,3797,3351.2341,N,7757.8218,W,601
5/24/2021,18:59:06,3799,3351.2334,N,7757.8267,W,602
5/24/2021,18:59:08,3801,3351.2329,N,7757.8301,W,601
5/24/2021,18:59:10,3803,3351.2329,N,7757.8320,W,601
5/24/2021,18:59:12,3805,3351.2327,N,7757.8320,W,601
5/24/2021,18:59:14,3807,3351.2322,N,7757.8325,W,601
5/24/2021,18:59:16,3809,3351.2322,N,7757.8330,W,602
5/24/2021,18:59:18,3811,3351.2322,N,7757.8335,W,597
5/24/2021,18:59:20,3813,3351.2324,N,7757.8340,W,597
5/24/2021,18:59:22,3815,3351.2324,N,7757.8340,W,597
5/24/2021,18:59:24,3817,3351.2324,N,7757.8340,W,598
5/24/2021,18:59:26,3819,3351.2324,N,7757.8340,W,598
5/24/2021,18:59:28,3821,3351.2327,N,7757.8340,W,596
5/24/2021,18:59:30,3823,3351.2329,N,7757.8340,W,597
5/24/2021,18:59:32,3825,3351.2329,N,7757.8340,W,602
5/24/2021,18:59:34,3827,3351.2332,N,7757.8345,W,603
5/24/2021,18:59:36,3829,3351.2332,N,7757.8345,W,604
5/24/2021,18:59:38,3831,3351.2341,N,7757.8315,W,604
5/24/2021,18:59:40,3833,3351.2371,N,7757.8276,W,604
5/24/2021,18:59:42,3835,3351.2332,N,7757.8252,W,603
5/24/2021,18:59:44,3837,3351.2280,N,7757.8247,W,604
5/24/2021,18:59:46,3839,3351.2263,N,7757.8232,W,606
5/24/2021,18:59:48,3841,3351.2258,N,7757.8228,W,605
5/24/2021,18:59:50,3843,3351.2268,N,7757.8262,W,607
5/24/2021,18:59:52,3845,3351.2307,N,7757.8335,W,608
5/24/2021,18:59:54,3847,3351.2344,N,7757.8374,W,608
5/24/2021,18:59:56,3849,3351.2385,N,7757.8369,W,608
5/24/2021,18:59:58,3851,3351.2405,N,7757.8354,W,604
5/24/2021,19:00:00,3853,3351.2358,N,7757.8354,W,605
5/24/2021,19:00:02,3855,3351.2319,N,7757.8345,W,605
5/24/2021,19:00:04,3857,3351.2305,N,7757.8330,W,604
5/24/2021,19:00:06,3859,3351.2314,N,7757.8306,W,604
5/24/2021,19:00:08,3861,3351.2310,N,7757.8271,W,605
5/24/2021,19:00:10,3863,3351.2317,N,7757.8237,W,549
5/24/2021,19:00:12,3865,3351.2366,N,7757.8262,W,602
5/24/2021,19:00:14,3867,3351.2427,N,7757.8286,W,612
5/24/2021,19:00:16,3869,3351.2485,N,7757.8257,W,612
5/24/2021,19:00:18,3871,3351.2527,N,7757.8213,W,609
5/24/2021,19:00:20,3873,3351.2554,N,7757.8159,W,608
5/24/2021,19:00:22,3875,3351.2583,N,7757.8105,W,608
5/24/2021,19:00:24,3877,3351.2620,N,7757.8042,W,609
5/24/2021,19:00:26,3879,3351.2632,N,7757.8013,W,610
5/24/2021,19:00:28,3881,3351.2632,N,7757.8003,W,610
5/24/2021,19:00:30,3883,3351.2639,N,7757.7993,W,586
5/24/2021,19:00:32,3885,3351.2659,N,7757.7979,W,588
5/24/2021,19:00:34,3887,3351.2703,N,7757.7935,W,588
5/24/2021,19:00:36,3889,3351.2744,N,7757.7886,W,590
5/24/2021,19:00:38,3891,3351.2761,N,7757.7866,W,595
5/24/2021,19:00:40,3893,3351.2773,N,7757.7866,W,600
5/24/2021,19:00:42,3895,3351.2800,N,7757.7847,W,605
5/24/2021,19:00:44,3897,3351.2817,N,7757.7817,W,606
5/24/2021,19:00:46,3899,3351.2852,N,7757.7793,W,608
5/24/2021,19:00:48,3901,3351.2888,N,7757.7769,W,610
5/24/2021,19:00:50,3903,3351.2932,N,7757.7739,W,611
5/24/2021,19:00:52,3905,3351.2981,N,7757.7710,W,610
5/24/2021,19:00:54,3907,3351.3027,N,7757.7671,W,610
5/24/2021,19:00:56,3909,3351.3044,N,7757.7646,W,612
5/24/2021,19:00:58,3911,3351.3064,N,7757.7632,W,614
5/24/2021,19:01:00,3913,3351.3098,N,7757.7593,W,614
5/24/2021,19:01:02,3915,3351.3142,N,7757.7544,W,613
5/24/2021,19:01:04,3917,3351.3186,N,7757.7495,W,613
5/24/2021,19:01:06,3919,3351.3228,N,7757.7446,W,613
5/24/2021,19:01:09,3921,3351.3281,N,7757.7358,W,617
5/24/2021,19:01:10,3923,3351.3296,N,7757.7334,W,617
5/24/2021,19:01:12,3925,3351.3298,N,7757.7329,W,617
5/24/2021,19:01:14,3927,3351.3303,N,7757.7329,W,616
5/24/2021,19:01:16,3929,3351.3308,N,7757.7329,W,616
5/24/2021,19:01:18,3931,3351.3308,N,7757.7329,W,615
5/24/2021,19:01:20,3933,3351.3311,N,7757.7329,W,614
5/24/2021,19:01:22,3935,3351.3311,N,7757.7329,W,614
5/24/2021,19:01:24,3937,3351.3308,N,7757.7329,W,609
5/24/2021,19:01:26,3939,3351.3308,N,7757.7329,W,609
5/24/2021,19:01:28,3941,3351.3257,N,7757.7388,W,609
5/24/2021,19:01:30,3943,3351.3188,N,7757.7461,W,608
5/24/2021,19:01:33,3945,3351.3088,N,7757.7588,W,606
5/24/2021,19:01:35,3947,3351.3020,N,7757.7676,W,606
5/24/2021,19:01:36,3949,3351.2971,N,7757.7720,W,605
5/24/2021,19:01:38,3951,3351.2893,N,7757.7803,W,603
5/24/2021,19:01:40,3953,3351.2813,N,7757.7896,W,602
5/24/2021,19:01:42,3955,3351.2742,N,7757.7983,W,602
5/24/2021,19:01:44,3957,3351.2668,N,7757.8066,W,603
5/24/2021,19:01:46,3959,3351.2610,N,7757.8140,W,603
5/24/2021,19:01:48,3961,3351.2534,N,7757.8193,W,603
5/24/2021,19:01:50,3963,3351.2478,N,7757.8242,W,602
5/24/2021,19:01:52,3965,3351.2432,N,7757.8281,W,604
5/24/2021,19:01:54,3967,3351.2397,N,7757.8311,W,604